,ii,v6,vz
0,[-2.7415 -2.741  -2.739  ...  1.352   1.352   1.35  ],[ 0.5495  0.5485  0.5485 ... -0.654  -0.654  -0.657 ],[ 3.3875  3.387   3.3855 ... -1.994  -1.995  -1.991 ]
1,[-0.3175 -0.317  -0.315  ...  0.1635  0.1615  0.166 ],[ 0.274   0.276   0.2785 ... -0.1335 -0.1335 -0.134 ],[-1.641  -1.645  -1.6425 ...  1.8345  1.833   1.8295]
2,[-1.0505 -1.0505 -1.055  ...  3.232   3.2355  3.2395],[-0.1975 -0.205  -0.1985 ...  1.578   1.578   1.577 ],[ 0.6005  0.613   0.607  ... -1.0555 -1.058  -1.05  ]
3,[ 1.99    1.987   1.9875 ... -3.272  -3.273  -3.2755],[-0.777  -0.776  -0.781  ...  0.6045  0.601   0.604 ],[1.424  1.4165 1.417  ... 0.244  0.2415 0.242 ]
4,[-0.128 -0.126 -0.122 ...  0.37   0.371  0.372],[ 0.617   0.6175  0.6155 ... -0.5945 -0.593  -0.594 ],[-1.2095 -1.204  -1.1915 ...  0.163   0.1665  0.17  ]
5,[-1.0115 -1.01   -1.011  ... -0.1805 -0.1825 -0.1875],[-0.063  -0.0615 -0.061  ... -0.366  -0.364  -0.363 ],[3.8995 3.903  3.902  ... 0.2675 0.27   0.271 ]
6,[-0.015  -0.023  -0.0345 ...  0.1845  0.179   0.1755],[ 0.9025  0.9     0.892  ... -0.0805 -0.083  -0.083 ],[-0.1365 -0.1235 -0.1195 ... -0.054  -0.0455 -0.0445]
7,[-0.3255 -0.3245 -0.3215 ...  0.174   0.1745  0.171 ],[ 0.1215  0.1165  0.118  ... -0.174  -0.1745 -0.1725],[0.2105 0.2025 0.2025 ... 0.026  0.027  0.0325]
8,[-0.572  -0.577  -0.576  ...  0.384   0.3855  0.389 ],[-0.0385 -0.0385 -0.0405 ...  0.043   0.0445  0.0475],[-1.5065 -1.5115 -1.514  ...  1.12    1.1235  1.1305]
9,[-1.9765 -1.977  -1.9745 ...  0.7025  0.701   0.698 ],[ 0.725   0.7265  0.726  ... -0.125  -0.127  -0.125 ],[ 1.1725  1.1755  1.1775 ... -0.3565 -0.358  -0.359 ]
10,[-0.7245 -0.7215 -0.723  ... -0.4585 -0.4595 -0.459 ],[-0.0795 -0.099  -0.113  ... -0.028  -0.031  -0.0345],[-2.6525 -2.648  -2.6415 ...  0.2405  0.253   0.258 ]
11,[ 1.1865  1.1845  1.176  ... -1.031  -1.052  -1.1195],[ 0.2435  0.2395  0.2405 ... -0.813  -0.7485 -0.7065],[0.439  0.448  0.434  ... 0.476  0.4375 0.3405]
12,[-0.0085 -0.0065 -0.009  ...  0.1115  0.1045  0.0985],[ 0.0175  0.018   0.0165 ... -0.0985 -0.0965 -0.093 ],[-0.1825 -0.1845 -0.18   ...  0.3905  0.3935  0.402 ]
13,[-0.1425 -0.136  -0.1335 ...  0.053   0.046   0.0455],[0.0675 0.07   0.0695 ... 0.0115 0.013  0.0135],[-0.1125 -0.1145 -0.114  ...  0.322   0.3205  0.319 ]
14,[ 0.374   0.3675  0.371  ... -0.3735 -0.37   -0.3735],[ 0.073   0.0755  0.075  ... -0.12   -0.1195 -0.12  ],[ 0.009   0.0115  0.002  ... -0.003  -0.0155 -0.0195]
15,[-1.0265 -1.0325 -1.0315 ...  0.7825  0.7775  0.7745],[ 0.576   0.5785  0.572  ... -0.764  -0.767  -0.7705],[ 2.236   2.2235  2.2425 ... -0.805  -0.801  -0.793 ]
16,[-0.8955 -0.9005 -0.907  ...  0.9445  0.9435  0.9455],[-0.963  -0.9695 -0.969  ...  1.044   1.045   1.044 ],[0.047  0.04   0.036  ... 1.4775 1.4805 1.487 ]
17,[-0.3815 -0.3795 -0.377  ...  0.021   0.018   0.0145],[-0.4105 -0.4125 -0.4145 ...  0.26    0.263   0.265 ],[ 0.134   0.15    0.159  ... -0.1025 -0.1035 -0.107 ]
18,[ 0.329   0.323   0.3125 ... -0.6795 -0.679  -0.679 ],[ 0.6465  0.6245  0.6015 ... -0.149  -0.1485 -0.1485],[-1.336  -1.3375 -1.3465 ...  1.7715  1.7715  1.7765]
19,[-0.346  -0.362  -0.3765 ... -0.0485 -0.048  -0.0455],[-0.1465 -0.158  -0.1775 ... -0.981  -0.948  -0.9045],[-0.5045 -0.506  -0.5245 ...  0.3025  0.3035  0.3065]
20,[-0.3125 -0.32   -0.318  ...  0.2735  0.2695  0.268 ],[ 0.3045  0.3035  0.302  ... -0.431  -0.4345 -0.433 ],[-0.1985 -0.2075 -0.1975 ...  0.305   0.3045  0.3055]
21,[ 0.718   0.7215  0.7325 ... -0.2155 -0.2165 -0.2155],[ 0.2165  0.211   0.204  ... -0.098  -0.11   -0.1235],[-0.447  -0.434  -0.4465 ...  0.059   0.048   0.0315]
22,[ 0.133   0.152   0.1745 ... -0.188  -0.187  -0.186 ],[ 0.147   0.139   0.121  ... -0.2555 -0.253  -0.256 ],[-0.4015 -0.3935 -0.3795 ...  0.4295  0.429   0.4265]
23,[-0.1395 -0.1385 -0.1415 ...  0.1675  0.1735  0.173 ],[ 0.061   0.0625  0.062  ... -0.4785 -0.4875 -0.4925],[-0.2295 -0.2225 -0.2235 ... -0.8045 -0.7965 -0.8085]
24,[ 0.017   0.018   0.0155 ... -0.2145 -0.215  -0.2175],[-0.0225 -0.0145 -0.014  ...  0.0295  0.0285  0.027 ],[-0.3205 -0.3255 -0.3195 ...  0.3415  0.3425  0.346 ]
25,[-0.043  -0.047  -0.0455 ...  0.1865  0.189   0.1885],[-0.0455 -0.044  -0.0425 ... -0.275  -0.2725 -0.2675],[-2.0435 -2.0445 -2.0435 ...  0.641   0.643   0.641 ]
26,[-0.1455 -0.159  -0.1765 ... -0.184  -0.1855 -0.1875],[-0.024  -0.022  -0.017  ... -0.0925 -0.0965 -0.094 ],[-0.269  -0.3055 -0.3385 ...  0.1905  0.1915  0.194 ]
27,[ 0.2785  0.276   0.276  ... -0.4645 -0.461  -0.458 ],[ 0.157   0.1565  0.157  ... -0.243  -0.2425 -0.2425],[-0.6025 -0.609  -0.6115 ...  0.913   0.91    0.9115]
28,[ 0.817   0.8205  0.823  ... -0.838  -0.8375 -0.837 ],[-0.1715 -0.1835 -0.194  ...  0.0565  0.054   0.052 ],[-1.53   -1.525  -1.523  ...  1.207   1.208   1.2205]
29,[ 0.4595  0.4605  0.461  ... -0.6995 -0.6975 -0.6955],[0.018  0.0175 0.018  ... 0.021  0.0175 0.0175],[0.7765 0.776  0.777  ... 0.596  0.596  0.5985]
30,[-0.2665 -0.256  -0.2355 ...  0.1305  0.131   0.1255],[-0.112  -0.139  -0.1655 ... -0.1    -0.108  -0.106 ],[ 0.859   0.85    0.8545 ... -0.666  -0.665  -0.673 ]
31,[-0.617  -0.6505 -0.6455 ...  0.859   0.8585  0.8595],[ 0.1935  0.171   0.134  ... -0.081  -0.081  -0.0815],[-1.665  -1.6525 -1.654  ...  1.0645  1.069   1.0765]
32,[-3.1545 -3.148  -3.137  ...  4.903   4.902   4.899 ],[ 5.061   5.0695  5.0775 ... -4.4025 -4.409  -4.413 ],[-2.135  -2.145  -2.143  ...  1.111   1.1185  1.123 ]
33,[ 0.1305  0.1275  0.1275 ... -0.1735 -0.1685 -0.175 ],[-0.2515 -0.2505 -0.251  ...  0.1395  0.161   0.193 ],[0.0705 0.076  0.0785 ... 0.2635 0.277  0.296 ]
34,[-0.5015 -0.503  -0.504  ...  0.239   0.2345  0.231 ],[ 0.1475  0.15    0.1495 ... -0.123  -0.1235 -0.1215],[-0.355  -0.349  -0.3475 ...  0.5295  0.5285  0.521 ]
35,[-0.6355 -0.634  -0.6325 ...  0.9725  0.971   0.972 ],[0.659 0.664 0.691 ... 0.415 0.413 0.401],[-1.7245 -1.724  -1.726  ...  1.608   1.603   1.599 ]
36,[ 0.2765  0.276   0.2795 ... -0.218  -0.2175 -0.2165],[-0.1055 -0.108  -0.113  ...  0.0945  0.0935  0.0935],[-0.172  -0.1705 -0.168  ... -0.0595 -0.059  -0.0625]
37,[0.127  0.1255 0.127  ... 0.0235 0.012  0.0015],[ 0.1255  0.124   0.124  ... -0.0815 -0.081  -0.078 ],[-0.2945 -0.287  -0.2915 ...  0.7295  0.7235  0.7005]
38,[ 0.235   0.243   0.254  ... -0.1905 -0.196  -0.2005],[-0.008  -0.0095 -0.0115 ...  0.0525  0.053   0.0525],[-0.124  -0.119  -0.122  ...  0.112   0.1195  0.1145]
39,[-0.9695 -0.97   -0.9725 ...  1.0235  1.0195  1.015 ],[ 0.058   0.053   0.0525 ... -0.129  -0.1295 -0.1295],[-1.0185 -1.016  -1.016  ...  1.9025  1.88    1.8575]
40,[0.017  0.013  0.0095 ... 0.067  0.0735 0.074 ],[-0.014  -0.0105 -0.002  ...  0.096   0.0955  0.094 ],[ 0.1845  0.178   0.1835 ... -0.3425 -0.3225 -0.312 ]
41,[ 0.5445  0.5415  0.5425 ... -0.4115 -0.4135 -0.411 ],[-0.0455 -0.0445 -0.047  ... -0.0575 -0.057  -0.056 ],[0.197  0.1935 0.197  ... 0.0365 0.024  0.0175]
42,[-0.9445 -0.946  -0.94   ...  1.904   1.9005  1.8985],[-0.6205 -0.6145 -0.6135 ...  0.3555  0.351   0.352 ],[-0.1    -0.1045 -0.1025 ... -0.651  -0.6445 -0.6395]
43,[-0.5505 -0.551  -0.5515 ...  1.0625  1.0605  1.065 ],[ 0.418   0.4215  0.421  ... -0.301  -0.2835 -0.261 ],[-1.7185 -1.7125 -1.711  ...  2.194   2.1705  2.1455]
44,[-0.007  -0.01   -0.01   ...  0.0145  0.014   0.0095],[-0.1115 -0.114  -0.1165 ...  0.127   0.128   0.128 ],[-0.1055 -0.0965 -0.0795 ...  0.1245  0.12    0.123 ]
45,[ 0.5605  0.5565  0.5585 ... -0.5225 -0.525  -0.525 ],[-0.0655 -0.065  -0.066  ...  0.0645  0.0615  0.061 ],[-0.51   -0.5055 -0.5025 ...  0.694   0.701   0.7065]
46,[-0.748  -0.7515 -0.752  ...  0.358   0.3585  0.3545],[ 0.2525  0.2465  0.248  ... -0.237  -0.2325 -0.2325],[-0.4705 -0.4665 -0.4675 ...  1.0665  1.0615  1.0605]
47,[ 0.8255  0.827   0.835  ... -0.34   -0.3475 -0.353 ],[ 0.581   0.616   0.6545 ... -0.361  -0.3695 -0.3755],[-0.221  -0.26   -0.2925 ...  0.3005  0.296   0.2865]
48,[ 0.057   0.061   0.061  ... -0.0305 -0.028  -0.0245],[-0.009  -0.01   -0.0095 ... -0.0875 -0.0835 -0.089 ],[-1.8205 -1.818  -1.818  ...  1.7815  1.781   1.7945]
49,[-0.298  -0.2985 -0.301  ...  0.026   0.0305  0.0315],[ 0.048   0.0485  0.049  ... -0.1125 -0.111  -0.1115],[-1.048  -1.0485 -1.0515 ...  1.388   1.39    1.3865]
50,[ 0.8355  0.838   0.8335 ... -1.1595 -1.169  -1.168 ],[ 0.2545  0.255   0.2535 ... -0.2305 -0.233  -0.2355],[ 2.328   2.3315  2.3325 ... -2.386  -2.3865 -2.3995]
51,[ 0.295   0.2985  0.288  ... -0.409  -0.4115 -0.417 ],[ 0.2685  0.264   0.267  ... -0.3595 -0.366  -0.368 ],[-0.125  -0.1205 -0.137  ...  0.1825  0.1855  0.1905]
52,[-0.7065 -0.7125 -0.709  ...  1.0495  1.0465  1.042 ],[-0.0815 -0.0805 -0.0785 ... -0.0635 -0.0595 -0.0525],[ 1.9785  1.975   1.9705 ... -3.48   -3.477  -3.469 ]
53,[ 0.7025  0.697   0.693  ... -0.645  -0.647  -0.6455],[-0.0915 -0.093  -0.094  ...  0.258   0.2575  0.256 ],[-0.8   -0.807 -0.808 ...  0.473  0.467  0.465]
54,[ 0.655   0.654   0.648  ... -0.3185 -0.3235 -0.327 ],[ 0.3855  0.381   0.3795 ... -0.514  -0.517  -0.517 ],[1.184  1.175  1.161  ... 0.6365 0.6355 0.647 ]
55,[-3.369 -3.369 -3.374 ...  0.623  0.621  0.625],[ 2.5075  2.506   2.502  ... -0.587  -0.582  -0.5765],[-2.2765 -2.2635 -2.2605 ...  1.9435  1.939   1.9345]
56,[-0.9165 -0.9125 -0.912  ... -0.3315 -0.3315 -0.3305],[-0.214  -0.216  -0.2195 ... -0.504  -0.4955 -0.49  ],[-2.222 -2.227 -2.231 ...  3.232  3.223  3.217]
57,[-0.1795 -0.1795 -0.1795 ...  0.0715  0.0735  0.072 ],[ 0.2     0.199   0.1985 ... -0.226  -0.225  -0.2245],[-0.139  -0.141  -0.136  ... -0.3035 -0.3095 -0.3035]
58,[ 0.2925  0.296   0.299  ... -0.393  -0.394  -0.3985],[-0.1865 -0.1795 -0.176  ... -0.064  -0.0655 -0.067 ],[-0.084  -0.091  -0.0865 ...  0.235   0.2375  0.2375]
59,[ 1.666   1.6625  1.663  ... -1.2835 -1.2835 -1.286 ],[ 0.363   0.363   0.3625 ... -0.167  -0.167  -0.1675],[ 0.881   0.885   0.886  ... -1.1715 -1.173  -1.1735]
60,[-0.196  -0.191  -0.192  ...  0.404   0.401   0.3965],[0.0755 0.078  0.079  ... 0.032  0.035  0.035 ],[-0.594  -0.601  -0.602  ...  0.6585  0.6535  0.653 ]
61,[-0.412  -0.4095 -0.4015 ...  0.968   0.9715  0.973 ],[ 0.9555  0.9545  0.9535 ... -0.3855 -0.3855 -0.3845],[-0.3445 -0.3445 -0.3445 ... -0.471  -0.4645 -0.4635]
62,[-0.154  -0.1515 -0.148  ...  0.0255  0.028   0.0315],[ 0.182   0.1755  0.1805 ... -0.247  -0.244  -0.248 ],[ 1.0505  1.049   1.0485 ... -0.27   -0.2685 -0.267 ]
63,[-0.1575 -0.1595 -0.158  ...  0.0715  0.075   0.0755],[ 0.0315  0.03    0.0295 ... -0.0585 -0.059  -0.0595],[-0.357 -0.358 -0.358 ...  0.254  0.237  0.24 ]
64,[-0.1965 -0.198  -0.192  ...  0.2965  0.2925  0.293 ],[ 0.0675  0.0625  0.0595 ... -0.0725 -0.073  -0.07  ],[-0.225 -0.224 -0.235 ...  0.306  0.32   0.323]
65,[-3.8085 -3.8155 -3.8285 ...  1.5485  1.5545  1.5605],[-0.383  -0.386  -0.3875 ... -0.1    -0.1035 -0.1025],[-2.4575 -2.457  -2.458  ... -0.4565 -0.456  -0.462 ]
66,[-0.2275 -0.2225 -0.219  ...  0.284   0.282   0.287 ],[-0.231  -0.227  -0.22   ...  0.1735  0.1845  0.1855],[-0.1935 -0.2025 -0.217  ...  0.4085  0.403   0.3895]
67,[0.05   0.049  0.0475 ... 0.0875 0.085  0.085 ],[-0.2355 -0.2385 -0.2365 ...  0.105   0.105   0.105 ],[-1.3635 -1.359  -1.3555 ... -0.0845 -0.085  -0.0885]
68,[ 0.167   0.158   0.164  ... -0.3125 -0.302  -0.296 ],[-0.065  -0.07   -0.077  ... -0.0975 -0.097  -0.0975],[ 1.2655  1.2545  1.25   ... -0.962  -0.989  -1.0335]
69,[-0.563  -0.564  -0.5645 ...  0.122   0.124   0.129 ],[-0.8425 -0.846  -0.845  ...  0.93    0.93    0.9315],[ 1.1515  1.1645  1.1645 ... -0.214  -0.216  -0.207 ]
70,[-1.1315 -1.1385 -1.144  ...  3.1185  3.071   3.0055],[0.024  0.0295 0.0285 ... 0.8695 0.861  0.85  ],[-0.023  -0.014  -0.0235 ...  2.248   2.2285  2.207 ]
71,[-3.05   -3.051  -3.051  ...  0.5395  0.548   0.5715],[2.528  2.5295 2.532  ... 0.2535 0.257  0.2525],[-0.6055 -0.609  -0.606  ...  0.1365  0.131   0.1285]
72,[-0.32   -0.323  -0.325  ... -0.0105 -0.0115 -0.012 ],[ 0.224   0.212   0.2185 ... -0.238  -0.2395 -0.239 ],[-1.178  -1.177  -1.1765 ...  0.9695  0.969   0.9695]
73,[-0.445  -0.445  -0.443  ...  0.0925  0.096   0.097 ],[-0.201  -0.1885 -0.1905 ... -0.1065 -0.108  -0.1095],[-1.29   -1.2855 -1.2905 ...  0.3335  0.341   0.336 ]
74,[-0.1235 -0.1275 -0.128  ...  0.314   0.3195  0.3185],[ 0.795   0.802   0.8025 ... -0.6505 -0.6555 -0.661 ],[-0.046  -0.0555 -0.0535 ... -0.4785 -0.478  -0.478 ]
75,[-0.1635 -0.165  -0.17   ... -0.0755 -0.075  -0.071 ],[-0.46   -0.465  -0.4605 ... -0.039  -0.041  -0.0425],[ 0.021   0.0245  0.022  ... -0.203  -0.1925 -0.177 ]
76,[-0.016  -0.0175 -0.0225 ...  0.165   0.162   0.1575],[-0.048  -0.0455 -0.043  ... -0.2045 -0.2045 -0.203 ],[-0.0045 -0.0025 -0.0025 ...  0.4865  0.4935  0.483 ]
77,[ 0.871   0.8725  0.877  ... -1.629  -1.624  -1.6175],[0.114  0.122  0.125  ... 0.1115 0.111  0.113 ],[-0.2945 -0.3    -0.2975 ...  0.6775  0.678   0.679 ]
78,[-0.2355 -0.2365 -0.2415 ...  0.0935  0.0895  0.0885],[-0.0845 -0.085  -0.0895 ...  0.0845  0.0835  0.087 ],[0.307  0.2995 0.2895 ... 0.064  0.0615 0.044 ]
79,[-0.486  -0.4805 -0.4825 ... -0.5755 -0.573  -0.5715],[-0.0455 -0.034  -0.0135 ... -0.0465 -0.0435 -0.042 ],[ 2.7835  2.789   2.7855 ... -0.092  -0.0895 -0.0915]
80,[-0.198  -0.18   -0.169  ...  0.2625  0.27    0.2615],[-0.0045 -0.006  -0.016  ...  0.1505  0.149   0.1545],[-0.035  -0.037  -0.0315 ... -0.9475 -0.9315 -0.9395]
81,[-0.01   -0.01   -0.01   ...  0.0985  0.0995  0.0975],[ 0.5815  0.5855  0.5875 ... -0.487  -0.4865 -0.488 ],[ 0.002  -0.006  -0.01   ...  0.451   0.4495  0.4545]
82,[ 0.4495  0.4405  0.437  ... -0.4485 -0.4445 -0.437 ],[-0.1145 -0.1135 -0.1125 ...  0.0165  0.018   0.019 ],[ 0.006   0.0015 -0.013  ...  0.0715  0.0795  0.0875]
83,[ 1.131   1.131   1.133  ... -0.5535 -0.5515 -0.5515],[-0.346  -0.3485 -0.3465 ...  0.534   0.5345  0.5325],[-2.9195 -2.9155 -2.907  ...  0.49    0.49    0.494 ]
84,[-0.646  -0.3935 -0.159  ... -0.305  -0.3085 -0.3035],[-0.874  -0.848  -0.82   ...  0.1875  0.1855  0.1835],[-1.672  -1.6335 -1.614  ...  0.4035  0.395   0.4075]
85,[ 0.8365  0.8425  0.8465 ... -0.23   -0.232  -0.23  ],[ 1.914   1.913   1.914  ... -0.9495 -0.9485 -0.9565],[ 2.383   2.374   2.3645 ... -0.2855 -0.2855 -0.29  ]
86,[-0.5135 -0.519  -0.526  ...  0.5375  0.5385  0.542 ],[0.095  0.0855 0.0855 ... 0.0515 0.0485 0.051 ],[-0.968  -0.974  -0.9825 ...  1.4635  1.4745  1.472 ]
87,[0.2185 0.2245 0.231  ... 0.226  0.225  0.229 ],[ 0.285   0.278   0.274  ... -0.41   -0.4075 -0.408 ],[-0.49   -0.49   -0.4845 ...  0.412   0.407   0.399 ]
88,[-0.4515 -0.4505 -0.4495 ...  0.327   0.327   0.326 ],[ 0.5225  0.5145  0.505  ... -0.347  -0.3455 -0.344 ],[-1.063  -1.0605 -1.061  ...  0.294   0.2985  0.3045]
89,[-0.337  -0.339  -0.3425 ...  0.2585  0.258   0.2555],[ 0.4185  0.427   0.4205 ... -0.587  -0.589  -0.594 ],[0.1105 0.106  0.113  ... 0.0245 0.0215 0.0195]
90,[-2.7695 -2.769  -2.7695 ...  2.348   2.3475  2.3465],[ 1.881   1.8835  1.8855 ... -0.742  -0.7445 -0.7395],[ 5.032   5.0265  5.025  ... -2.5225 -2.5225 -2.5235]
91,[ 0.0915  0.09    0.0885 ... -0.0165 -0.0145 -0.016 ],[0.0645 0.068  0.0675 ... 0.0585 0.0585 0.0575],[ 0.1825  0.1815  0.1835 ... -0.233  -0.2315 -0.2365]
92,[0.684  0.6435 0.588  ... 0.015  0.014  0.012 ],[ 0.119   0.1375  0.17   ... -0.377  -0.3815 -0.385 ],[0.6585 0.59   0.5135 ... 0.3285 0.322  0.3245]
93,[ 0.805   0.825   0.8315 ... -1.6875 -1.6625 -1.656 ],[ 0.262   0.255   0.2535 ... -0.046  -0.04   -0.032 ],[-0.0095  0.0125  0.014  ... -1.057  -1.0535 -1.0665]
94,[ 0.082   0.086   0.0875 ... -1.692  -1.6915 -1.691 ],[-0.938  -0.9395 -0.94   ... -1.0935 -1.0935 -1.089 ],[-1.4925 -1.495  -1.5035 ... -1.5395 -1.5435 -1.547 ]
95,[-1.5085 -1.5075 -1.5065 ...  2.5905  2.587   2.585 ],[ 0.5615  0.561   0.556  ... -0.753  -0.756  -0.756 ],[ 4.2225  4.2215  4.219  ... -5.79   -5.7925 -5.7985]
96,[ 1.0505  1.053   1.0535 ... -0.3235 -0.322  -0.3195],[ 0.593   0.5875  0.5835 ... -0.5145 -0.52   -0.5185],[-4.4595 -4.457  -4.452  ...  2.2705  2.281   2.283 ]
97,[-0.161  -0.159  -0.1665 ... -0.071  -0.0785 -0.0725],[ 0.155   0.1545  0.156  ... -0.163  -0.1595 -0.1605],[-0.0365 -0.042  -0.031  ...  0.445   0.4435  0.461 ]
98,[ 0.427   0.4215  0.421  ... -0.2075 -0.209  -0.202 ],[ 0.752   0.752   0.7495 ... -0.6415 -0.6415 -0.644 ],[-0.562  -0.564  -0.57   ... -0.1075 -0.109  -0.1105]
99,[ 1.388   1.3855  1.386  ... -1.3505 -1.35   -1.351 ],[-0.873  -0.872  -0.8725 ... -0.1765 -0.1785 -0.1785],[-0.185  -0.188  -0.19   ... -1.704  -1.7035 -1.704 ]
100,[-0.071  -0.0745 -0.0705 ...  0.371   0.381   0.405 ],[-0.14   -0.1345 -0.1285 ... -0.111  -0.1105 -0.1235],[-0.3325 -0.327  -0.3275 ...  0.348   0.3605  0.36  ]
101,[-0.811  -0.8155 -0.817  ... -0.0175 -0.0205 -0.0245],[ 0.034   0.0385  0.0385 ... -0.047  -0.0445 -0.044 ],[2.0045 1.999  1.989  ... 0.323  0.321  0.3135]
102,[-0.8235 -0.821  -0.8235 ... -0.2065 -0.206  -0.2055],[0.2435 0.244  0.242  ... 0.5295 0.5295 0.532 ],[0.657  0.659  0.6625 ... 1.992  1.993  1.984 ]
103,[-1.9585 -1.9605 -1.96   ... -1.143  -1.1415 -1.137 ],[-2.075  -2.073  -2.074  ... -1.8115 -1.8115 -1.8105],[-2.107  -2.1035 -2.1025 ...  2.375   2.379   2.3755]
104,[ 0.206   0.2075  0.2075 ... -0.193  -0.192  -0.1955],[0.005  0.0085 0.007  ... 0.0385 0.038  0.0385],[ 0.102   0.0965  0.101  ... -0.4005 -0.3975 -0.3995]
105,[-0.756  -0.7615 -0.7445 ...  1.494   1.493   1.501 ],[-0.1065 -0.108  -0.105  ... -0.0755 -0.0765 -0.0775],[-0.349  -0.3485 -0.286  ...  0.763   0.7525  0.769 ]
106,[-4.6195 -4.6115 -4.606  ...  2.95    2.943   2.9365],[ 1.433   1.437   1.4375 ... -2.5705 -2.5805 -2.5885],[ 3.852   3.853   3.858  ... -2.394  -2.406  -2.4125]
107,[-0.597  -0.6    -0.594  ...  0.8315  0.8365  0.8355],[ 0.0205  0.0215  0.0285 ... -0.0295 -0.0305 -0.036 ],[-1.7165 -1.724  -1.733  ...  2.3795  2.377   2.3755]
108,[-0.5425 -0.543  -0.547  ...  0.402   0.4055  0.4035],[ 0.6645  0.664   0.6685 ... -0.71   -0.7135 -0.716 ],[ 0.1445  0.155   0.158  ... -0.7475 -0.7445 -0.747 ]
109,[-0.243  -0.244  -0.2415 ...  0.2185  0.217   0.209 ],[-0.231  -0.228  -0.2275 ...  0.0315  0.029   0.024 ],[-0.461  -0.4605 -0.4585 ...  0.254   0.258   0.2595]
110,[-2.9025 -2.908  -2.9035 ...  3.175   3.175   3.1755],[ 0.309   0.319   0.315  ... -0.279  -0.281  -0.2775],[-1.8285 -1.8395 -1.85   ...  1.7445  1.754   1.7665]
111,[ 2.087   2.082   2.084  ... -1.5405 -1.541  -1.543 ],[ 1.4135  1.406   1.403  ... -1.4845 -1.4815 -1.4805],[ 2.6145  2.6175  2.614  ... -1.583  -1.574  -1.5705]
112,[-0.837  -0.847  -0.8615 ...  0.9415  0.951   0.95  ],[ 0.0195  0.0075 -0.002  ... -0.12   -0.123  -0.127 ],[-2.8045 -2.816  -2.8145 ...  2.661   2.669   2.6695]
113,[-0.085  -0.1025 -0.095  ... -0.1075 -0.113  -0.11  ],[-0.015  -0.0135 -0.0185 ... -0.0135 -0.033  -0.044 ],[-0.0055  0.0135  0.018  ... -0.2515 -0.2475 -0.2415]
114,[-0.505  -0.4975 -0.4915 ... -0.046  -0.0495 -0.0485],[ 0.222   0.224   0.2245 ... -0.3375 -0.337  -0.3365],[-0.1765 -0.174  -0.164  ...  0.6145  0.611   0.609 ]
115,[0.751  0.7535 0.755  ... 0.0635 0.063  0.0595],[ 0.164   0.1665  0.172  ... -0.196  -0.198  -0.2   ],[-2.091  -2.085  -2.0765 ...  0.658   0.6715  0.6635]
116,[-0.7175 -0.7195 -0.721  ...  1.8095  1.808   1.808 ],[-0.691  -0.6895 -0.69   ...  1.136   1.1375  1.1385],[0.9995 0.997  0.9975 ... 4.8405 4.8375 4.834 ]
117,[-2.5185 -2.5235 -2.5355 ...  2.819   2.815   2.812 ],[ 0.378   0.378   0.375  ... -0.307  -0.3065 -0.311 ],[ 3.1365  3.1235  3.096  ... -2.615  -2.6145 -2.6145]
118,[-0.7165 -0.7215 -0.7235 ...  0.533   0.528   0.519 ],[-0.271  -0.267  -0.271  ...  0.0585  0.063   0.074 ],[ 1.6335  1.6255  1.6075 ... -0.9675 -0.9625 -0.9785]
119,[ 1.4335  1.4365  1.437  ... -1.4645 -1.4635 -1.4725],[ 2.6045  2.5925  2.596  ... -2.662  -2.6615 -2.6575],[-2.242  -2.2445 -2.251  ... -0.891  -0.8965 -0.9005]
120,[ 0.429   0.429   0.428  ... -0.1555 -0.1545 -0.154 ],[-0.215  -0.2165 -0.2145 ...  0.1605  0.1635  0.162 ],[-0.55   -0.545  -0.5495 ... -0.4175 -0.4235 -0.426 ]
121,[ 2.1725  2.1775  2.166  ... -1.093  -1.175  -1.248 ],[-0.32   -0.3215 -0.3245 ... -0.3545 -0.278  -0.209 ],[0.821  0.821  0.818  ... 1.506  1.3825 1.284 ]
122,[-0.422  -0.4195 -0.4155 ...  0.113   0.117   0.1145],[ 0.0165  0.018   0.0155 ... -0.084  -0.0825 -0.084 ],[-0.9035 -0.907  -0.8995 ...  0.484   0.4835  0.489 ]
123,[-0.141  -0.1285 -0.1265 ...  0.247   0.2485  0.243 ],[ 0.2225  0.2255  0.2265 ... -0.163  -0.165  -0.159 ],[-0.941  -0.9535 -0.951  ...  1.0305  1.0245  1.005 ]
124,[-0.1815 -0.1845 -0.1865 ...  0.042   0.042   0.039 ],[ 0.738   0.741   0.7405 ... -0.234  -0.232  -0.231 ],[ 0.0595  0.06    0.058  ... -0.3065 -0.3185 -0.317 ]
125,[ 0.2135  0.2005  0.195  ... -0.353  -0.351  -0.348 ],[ 2.1955  2.1815  2.155  ... -0.308  -0.3055 -0.3115],[-1.0035 -1.028  -1.0185 ...  0.7785  0.7805  0.794 ]
126,[ 0.481   0.4865  0.4895 ... -0.278  -0.2735 -0.272 ],[-0.3965 -0.399  -0.4005 ...  0.263   0.262   0.261 ],[0.4145 0.4245 0.4285 ... 0.1895 0.201  0.2065]
127,[ 0.2585  0.257   0.2635 ... -0.709  -0.6975 -0.673 ],[ 0.4105  0.409   0.411  ... -0.5115 -0.513  -0.5065],[-0.4305 -0.444  -0.437  ...  0.2265  0.2455  0.264 ]
128,[-0.7725 -0.7725 -0.774  ...  0.473   0.4715  0.474 ],[ 0.123   0.119   0.1205 ... -0.005  -0.01   -0.011 ],[-0.6105 -0.5955 -0.595  ...  0.6755  0.6725  0.684 ]
129,[ 0.248   0.2485  0.2485 ... -0.109  -0.1085 -0.111 ],[0.0585 0.0575 0.054  ... 0.026  0.0255 0.0275],[-0.204  -0.207  -0.204  ... -0.2085 -0.2075 -0.2065]
130,[-0.661  -0.6605 -0.6595 ...  0.287   0.288   0.2885],[ 0.1545  0.1565  0.156  ... -0.0795 -0.0785 -0.0815],[0.0865 0.0875 0.0855 ... 0.5815 0.5795 0.579 ]
131,[-0.674  -0.6775 -0.6795 ...  0.8585  0.86    0.86  ],[ 0.4215  0.423   0.4215 ... -0.557  -0.5595 -0.5585],[-1.074  -1.077  -1.0765 ...  1.452   1.453   1.45  ]
132,[ 0.422   0.4225  0.4205 ... -1.1625 -1.1665 -1.169 ],[-2.005  -2.006  -2.003  ...  1.436   1.4365  1.4335],[0.4985 0.496  0.4695 ... 2.2585 2.252  2.253 ]
133,[ 0.367   0.3665  0.3595 ... -0.025  -0.027  -0.0265],[ 1.413   1.413   1.418  ... -1.0665 -1.065  -1.0655],[-1.4895 -1.4965 -1.5045 ...  0.499   0.4985  0.4865]
134,[-0.419  -0.419  -0.4195 ... -0.056  -0.0535 -0.0565],[ 0.888   0.8855  0.8635 ...  0.      0.0015 -0.0065],[-0.91   -0.904  -0.8995 ...  0.414   0.406   0.408 ]
135,[-0.287  -0.286  -0.2845 ...  0.728   0.724   0.7175],[ 2.4485  2.4495  2.4505 ... -1.9905 -1.984  -1.9795],[1.1495 1.1525 1.1575 ... 1.22   1.2085 1.202 ]
136,[1.0065 0.976  0.95   ... 0.5615 0.587  0.618 ],[0.2395 0.1895 0.1385 ... 1.6065 1.566  1.528 ],[-0.1705 -0.161  -0.15   ...  0.351   0.363   0.373 ]
137,[ 0.7815  0.7815  0.7795 ... -0.5955 -0.5925 -0.591 ],[0.0885 0.0965 0.0885 ... 0.073  0.0805 0.0805],[-1.8865 -1.8865 -1.888  ...  1.3645  1.3695  1.3665]
138,[0.4415 0.4415 0.442  ... 0.2375 0.2345 0.2345],[ 2.0735  2.0715  2.07   ... -1.9985 -1.997  -1.993 ],[ 0.688  0.687  0.687 ... -0.034 -0.036 -0.052]
139,[-0.22   -0.2215 -0.2215 ...  0.151   0.1455  0.145 ],[-0.0485 -0.049  -0.0485 ...  0.04    0.0415  0.0385],[-0.3355 -0.339  -0.344  ...  0.011   0.013   0.003 ]
140,[0.209  0.205  0.1985 ... 0.6155 0.614  0.6125],[-0.102  -0.1095 -0.109  ...  0.0375  0.0335  0.0335],[-0.6245 -0.627  -0.6355 ... -1.3135 -1.3105 -1.3085]
141,[-0.2715 -0.268  -0.2665 ...  0.23    0.2295  0.229 ],[-0.1435 -0.1435 -0.1435 ...  0.223   0.2225  0.2225],[ 0.6415  0.642   0.6415 ... -0.725  -0.726  -0.728 ]
142,[ 0.398   0.3945  0.3895 ... -0.3925 -0.392  -0.3895],[ 0.129   0.1305  0.131  ... -0.213  -0.2145 -0.213 ],[-1.3785 -1.382  -1.3875 ...  0.996   1.0025  1.0025]
143,[ 0.301   0.3025  0.304  ... -0.204  -0.203  -0.201 ],[-0.072  -0.072  -0.076  ...  0.247   0.248   0.2435],[-0.3105 -0.309  -0.306  ...  0.293   0.2945  0.2945]
144,[-1.7975 -1.799  -1.802  ...  0.8485  0.8645  0.884 ],[-0.907  -0.9035 -0.901  ...  0.5175  0.4875  0.4695],[-3.3385 -3.3475 -3.3475 ...  1.792   1.8095  1.825 ]
145,[-0.0435 -0.046  -0.046  ...  0.0135  0.0115  0.011 ],[ 0.3555  0.3615  0.362  ... -0.471  -0.476  -0.4805],[-0.097  -0.0975 -0.1015 ...  0.2305  0.242   0.255 ]
146,[ 2.779   2.78    2.7805 ... -0.0045 -0.0055 -0.006 ],[-0.448  -0.4495 -0.4495 ...  1.6005  1.6005  1.598 ],[ 1.4095  1.4085  1.4115 ... -4.216  -4.2155 -4.212 ]
147,[ 0.3965  0.394   0.395  ... -0.7775 -0.779  -0.781 ],[ 0.714   0.7135  0.7105 ... -0.9945 -0.9995 -1.006 ],[0.0555 0.0515 0.0535 ... 1.269  1.27   1.28  ]
148,[ 1.2165  1.219   1.2145 ... -2.716  -2.713  -2.708 ],[-1.1905 -1.19   -1.1885 ...  3.1345  3.1365  3.138 ],[-1.281  -1.282  -1.2795 ...  1.4605  1.462   1.475 ]
149,[0.17   0.1685 0.1745 ... 0.1425 0.138  0.1295],[-0.1725 -0.1725 -0.1705 ... -0.3335 -0.3355 -0.338 ],[-0.4175 -0.419  -0.4155 ... -1.216  -1.2285 -1.249 ]
150,[-0.5835 -0.585  -0.584  ... -0.5165 -0.5175 -0.5185],[ 0.161   0.161   0.1615 ... -0.0785 -0.0825 -0.0825],[0.7185 0.7205 0.716  ... 2.1065 2.1065 2.11  ]
151,[ 0.506   0.5095  0.514  ... -0.705  -0.7045 -0.7035],[ 0.298   0.2725  0.227  ... -0.001  -0.0035 -0.0065],[-0.467  -0.455  -0.4475 ...  0.469   0.464   0.4665]
152,[-0.14   -0.137  -0.137  ...  0.0925  0.0945  0.098 ],[ 0.063   0.0615  0.061  ... -0.329  -0.3215 -0.313 ],[-0.253  -0.253  -0.2555 ...  0.622   0.623   0.6235]
153,[ 0.638   0.6395  0.6395 ... -0.3905 -0.391  -0.393 ],[ 0.1065  0.106   0.104  ... -0.138  -0.1395 -0.1415],[-0.7965 -0.7925 -0.789  ...  0.063   0.0675  0.0725]
154,[0.515 0.582 0.654 ... 0.344 0.341 0.337],[-0.271  -0.2585 -0.247  ... -0.1235 -0.123  -0.1245],[ 0.7025  0.745   0.7925 ... -0.3515 -0.35   -0.3485]
155,[-1.919  -1.919  -1.918  ...  3.643   3.642   3.6425],[ 0.3205  0.318   0.32   ... -1.439  -1.4405 -1.44  ],[ 2.5395  2.536   2.5375 ... -4.47   -4.4675 -4.4735]
156,[-0.2725 -0.279  -0.2785 ...  0.067   0.0655  0.0605],[-0.218  -0.2185 -0.2195 ... -0.043  -0.0435 -0.046 ],[-0.668  -0.6615 -0.6595 ...  0.781   0.781   0.784 ]
157,[-0.3725 -0.378  -0.3835 ...  0.21    0.218   0.227 ],[ 0.6605  0.6585  0.6555 ... -0.5145 -0.5175 -0.5145],[-0.8285 -0.8245 -0.8285 ...  1.2875  1.306   1.318 ]
158,[ 0.643   0.6495  0.648  ... -0.264  -0.274  -0.2805],[ 2.693   2.722   2.706  ... -1.507  -1.4825 -1.485 ],[-5.0415 -5.0375 -5.027  ...  3.711   3.6995  3.691 ]
159,[-0.6575 -0.6635 -0.666  ... -1.3775 -1.382  -1.3805],[ 0.071   0.067   0.0705 ... -0.1355 -0.138  -0.1385],[2.175  2.176  2.1995 ... 2.604  2.6145 2.616 ]
160,[-0.2065 -0.185  -0.1545 ...  0.034   0.0295  0.0325],[ 0.412   0.403   0.3945 ... -0.687  -0.6865 -0.6885],[0.519  0.5535 0.588  ... 0.2355 0.228  0.238 ]
161,[ 0.506   0.503   0.502  ... -0.1375 -0.138  -0.1415],[ 0.3615  0.356   0.359  ... -0.568  -0.5655 -0.5635],[-0.517  -0.516  -0.518  ...  0.6095  0.615   0.6135]
162,[-0.265  -0.259  -0.255  ... -0.056  -0.057  -0.0575],[-0.145  -0.145  -0.1415 ...  0.1795  0.181   0.182 ],[ 0.229   0.1975  0.2075 ... -0.174  -0.1815 -0.177 ]
163,[ 0.8395  0.845   0.8415 ... -0.819  -0.822  -0.818 ],[-0.5825 -0.5845 -0.584  ...  0.218   0.218   0.2135],[-1.7745 -1.7755 -1.7735 ...  1.5595  1.556   1.557 ]
164,[-0.01   -0.0065 -0.0085 ... -0.0195 -0.0205 -0.023 ],[ 0.5795  0.58    0.5805 ... -0.5515 -0.5525 -0.5515],[-0.723  -0.722  -0.7255 ...  0.638   0.6385  0.635 ]
165,[-0.4845 -0.4765 -0.4725 ...  0.3135  0.317   0.3175],[ 0.417   0.422   0.4205 ... -0.4705 -0.4655 -0.457 ],[ 1.7945  1.8035  1.8075 ... -1.4925 -1.491  -1.49  ]
166,[-0.0155 -0.017  -0.0145 ...  0.088   0.088   0.0875],[ 0.919   0.918   0.918  ... -0.548  -0.543  -0.5275],[-0.4085 -0.407  -0.4005 ...  0.5855  0.588   0.5835]
167,[-1.2965 -1.2915 -1.2925 ...  1.057   1.0545  1.0585],[-0.0585 -0.062  -0.062  ... -0.071  -0.0715 -0.072 ],[-4.5945 -4.6005 -4.6115 ...  3.603   3.611   3.608 ]
168,[-0.257  -0.256  -0.2565 ... -0.024  -0.023  -0.024 ],[-0.07   -0.07   -0.0705 ... -0.069  -0.0705 -0.072 ],[-0.3985 -0.396  -0.394  ...  0.2835  0.282   0.287 ]
169,[ 0.5595  0.56    0.5615 ... -0.317  -0.32   -0.323 ],[-0.114  -0.1135 -0.1105 ...  0.182   0.1855  0.186 ],[ 1.5805  1.588   1.581  ... -0.804  -0.807  -0.814 ]
170,[-0.054 -0.048 -0.044 ... -0.041 -0.037 -0.037],[-0.1095 -0.1065 -0.1085 ...  0.0635  0.063   0.061 ],[-0.2335 -0.231  -0.2165 ...  0.0615  0.0685  0.072 ]
171,[-0.206  -0.2095 -0.2325 ... -0.0115 -0.023  -0.02  ],[0.396  0.4285 0.4635 ... 0.115  0.118  0.102 ],[ 0.712   0.7075  0.669  ... -2.454  -2.461  -2.4535]
172,[ 0.2245  0.228   0.2315 ... -0.0275 -0.031  -0.0335],[-0.1195 -0.123  -0.1265 ...  0.024   0.0225  0.021 ],[ 0.779   0.7775  0.768  ... -1.0855 -1.076  -1.066 ]
173,[ 0.687   0.6855  0.6885 ... -0.887  -0.8885 -0.886 ],[0.083  0.0865 0.0865 ... 0.016  0.021  0.021 ],[0.176  0.1755 0.172  ... 0.546  0.535  0.5375]
174,[-0.174  -0.1725 -0.1745 ...  0.1045  0.1055  0.1065],[-0.1565 -0.1555 -0.155  ...  0.0445  0.0445  0.0425],[-0.5125 -0.515  -0.5225 ...  0.336   0.3405  0.343 ]
175,[0.3155 0.322  0.3245 ... 0.7145 0.7135 0.716 ],[-0.201  -0.203  -0.199  ...  0.1645  0.1665  0.1695],[ 2.5695  2.568   2.566  ... -2.3965 -2.4035 -2.403 ]
176,[-0.0155 -0.007  -0.004  ...  0.0585  0.057   0.055 ],[ 0.088   0.0845  0.0855 ... -0.1395 -0.1385 -0.1375],[-0.7635 -0.7315 -0.7255 ...  0.777   0.7775  0.775 ]
177,[ 0.471   0.456   0.452  ...  0.0015  0.0015 -0.001 ],[-0.095  -0.0935 -0.0935 ... -0.405  -0.399  -0.4005],[ 0.1225  0.118   0.1225 ... -0.8195 -0.823  -0.82  ]
178,[-0.477  -0.483  -0.4855 ...  0.5865  0.5865  0.591 ],[ 0.103   0.1005  0.104  ... -0.121  -0.1195 -0.12  ],[-0.51   -0.507  -0.5115 ...  0.333   0.3335  0.333 ]
179,[-0.1325 -0.129  -0.131  ...  0.063   0.062   0.0625],[ 0.0845  0.0845  0.0865 ... -0.024  -0.025  -0.023 ],[0.1235 0.1245 0.124  ... 0.2715 0.27   0.2645]
180,[ 0.4285  0.42    0.415  ... -0.1765 -0.1745 -0.1745],[ 0.5475  0.556   0.5685 ... -0.548  -0.544  -0.5445],[-0.073  -0.0725 -0.073  ...  0.042   0.0455  0.048 ]
181,[ 0.2525  0.2575  0.263  ... -0.056  -0.0595 -0.06  ],[ 0.1     0.108   0.1105 ... -0.0875 -0.085  -0.0855],[-2.4015 -2.407  -2.4075 ...  1.903   1.911   1.916 ]
182,[-0.0215 -0.0365 -0.055  ... -0.0265 -0.021  -0.019 ],[-0.0225 -0.039  -0.047  ...  0.515   0.5165  0.516 ],[-0.0325 -0.0525 -0.0705 ...  0.065   0.071   0.075 ]
183,[-0.071  -0.0705 -0.0715 ...  0.155   0.153   0.1545],[0.09   0.086  0.0845 ... 0.083  0.0765 0.0765],[-0.1295 -0.121  -0.1175 ... -0.033  -0.0235 -0.0245]
184,[-0.161  -0.1645 -0.157  ...  0.043   0.043   0.0385],[ 0.1015  0.1     0.0975 ... -0.2115 -0.208  -0.207 ],[-0.399  -0.397  -0.3945 ...  0.3495  0.3445  0.335 ]
185,[-1.2575 -1.2565 -1.2575 ... -0.8955 -0.899  -0.901 ],[-0.948  -0.953  -0.9545 ...  0.15    0.151   0.152 ],[-2.6375 -2.64   -2.637  ... -1.111  -1.114  -1.111 ]
186,[-0.3565 -0.3535 -0.3535 ...  0.23    0.231   0.2335],[0.0625 0.061  0.0655 ... 0.036  0.0425 0.0495],[-0.717  -0.716  -0.7125 ...  0.618   0.6175  0.622 ]
187,[ 0.7925  0.8     0.7995 ... -0.357  -0.3575 -0.3635],[ 0.022   0.0175  0.0135 ... -0.1355 -0.1375 -0.1395],[-0.648  -0.6475 -0.6465 ...  0.2625  0.2635  0.2605]
188,[-0.3115 -0.3105 -0.308  ... -0.9085 -0.9085 -0.9085],[-2.5325 -2.5365 -2.5375 ...  0.9965  0.996   0.9925],[-0.1175 -0.117  -0.116  ... -0.542  -0.5405 -0.5375]
189,[ 0.1925  0.1885  0.1835 ... -0.3045 -0.2955 -0.266 ],[-0.0335 -0.0295 -0.03   ... -0.149  -0.137  -0.1235],[-0.058  -0.0595 -0.061  ... -0.016  -0.0245 -0.0205]
190,[-0.0865 -0.0905 -0.0905 ...  0.061   0.062   0.0655],[-0.134  -0.1355 -0.137  ... -0.188  -0.189  -0.1895],[-1.6325 -1.624  -1.62   ...  1.286   1.285   1.2835]
191,[-0.506  -0.5055 -0.505  ...  1.286   1.2785  1.2745],[ 0.5745  0.574   0.573  ...  0.     -0.022  -0.0415],[-0.187  -0.192  -0.196  ... -2.2005 -2.201  -2.202 ]
192,[ 0.098   0.1015  0.104  ... -0.1995 -0.1995 -0.201 ],[0.1705 0.175  0.1785 ... 0.1115 0.11   0.1115],[-0.191  -0.1865 -0.1765 ... -0.115  -0.115  -0.118 ]
193,[-2.16   -2.157  -2.155  ...  0.398   0.398   0.3965],[-0.4345 -0.4345 -0.4295 ... -0.0665 -0.064  -0.0615],[ 1.886   1.8885  1.8775 ... -1.281  -1.287  -1.2935]
194,[ 0.07    0.0685  0.066  ... -0.4135 -0.415  -0.41  ],[ 0.431   0.435   0.4365 ... -0.5985 -0.6045 -0.6085],[ 0.5505  0.5455  0.5475 ... -0.609  -0.6035 -0.601 ]
195,[0.086  0.079  0.0775 ... 0.0555 0.0555 0.056 ],[ 0.1175  0.117   0.1165 ... -0.024  -0.0245 -0.0245],[-0.502  -0.4975 -0.5    ... -0.3095 -0.2915 -0.287 ]
196,[-0.129 -0.127 -0.129 ...  0.168  0.17   0.17 ],[ 0.45    0.4505  0.449  ... -0.274  -0.2695 -0.2715],[-0.35   -0.3485 -0.352  ...  0.1485  0.143   0.1405]
197,[ 0.2705  0.268   0.2675 ... -0.3835 -0.3845 -0.384 ],[-0.023  -0.023  -0.023  ... -0.03   -0.0295 -0.0315],[ 0.136   0.1275  0.1265 ... -0.0445 -0.0445 -0.054 ]
198,[-0.202  -0.206  -0.2085 ...  0.2785  0.2745  0.271 ],[-0.0075 -0.01   -0.0135 ...  0.2935  0.2925  0.29  ],[ 1.3845  1.39    1.39   ... -1.1845 -1.2015 -1.209 ]
199,[-0.0715 -0.0755 -0.0765 ...  0.1875  0.1855  0.187 ],[0.2885 0.285  0.2835 ... 0.0685 0.069  0.0685],[-0.1645 -0.162  -0.164  ... -0.1265 -0.1295 -0.126 ]
200,[-0.5465 -0.5435 -0.543  ...  0.1735  0.1675  0.17  ],[ 0.2895  0.2915  0.296  ... -0.208  -0.213  -0.212 ],[ 1.698   1.6975  1.695  ... -1.444  -1.447  -1.444 ]
201,[-0.0405 -0.0435 -0.043  ...  0.324   0.324   0.3255],[ 0.1     0.0995  0.095  ... -0.096  -0.1065 -0.1105],[ 0.826   0.8335  0.835  ... -2.533  -2.5205 -2.525 ]
202,[ 0.5625  0.559   0.561  ... -0.3785 -0.387  -0.3875],[ 0.1235  0.123   0.1215 ... -0.177  -0.1775 -0.1735],[-1.29   -1.2925 -1.283  ...  0.272   0.285   0.2775]
203,[-0.6    -0.5825 -0.565  ...  0.5435  0.542   0.5405],[ 0.401   0.4255  0.4565 ... -0.462  -0.4635 -0.465 ],[ 4.938   4.961   4.9775 ... -3.5225 -3.523  -3.5235]
204,[ 0.716   0.7145  0.7165 ... -0.6495 -0.647  -0.645 ],[0.8675 0.862  0.8585 ... 0.025  0.0285 0.034 ],[-2.059  -2.0585 -2.0515 ...  0.768   0.773   0.777 ]
205,[-0.62   -0.6205 -0.6225 ...  0.699   0.7025  0.7005],[0.2295 0.228  0.2305 ... 0.0945 0.0955 0.095 ],[ 1.315   1.3065  1.303  ... -1.334  -1.3365 -1.339 ]
206,[-0.83   -0.828  -0.826  ...  0.4565  0.4525  0.453 ],[ 0.2805  0.2815  0.284  ... -0.1035 -0.0915 -0.085 ],[ 5.0055  5.003   5.006  ... -0.3325 -0.342  -0.342 ]
207,[ 0.036   0.0375  0.037  ... -0.2415 -0.2395 -0.236 ],[ 0.325   0.327   0.3225 ... -0.4025 -0.401  -0.4   ],[-0.463  -0.462  -0.4605 ...  0.142   0.149   0.1495]
208,[ 0.0555  0.055   0.056  ... -0.0135 -0.018  -0.0155],[ 0.1805  0.1775  0.1775 ... -0.2695 -0.271  -0.2745],[ 0.174   0.1675  0.171  ... -0.3185 -0.3195 -0.325 ]
209,[1.0915 1.1085 1.1205 ... 0.8615 0.858  0.8595],[0.132  0.1275 0.1195 ... 0.1115 0.1145 0.116 ],[-2.5605 -2.5515 -2.54   ... -0.988  -0.9905 -0.9975]
210,[0.02   0.0205 0.024  ... 0.0185 0.02   0.021 ],[ 0.1405  0.142   0.1405 ... -0.1045 -0.1055 -0.1045],[0.1765 0.1765 0.18   ... 0.114  0.12   0.1225]
211,[ 0.475   0.487   0.493  ... -0.5005 -0.5065 -0.504 ],[-0.1375 -0.1335 -0.1325 ...  0.0475  0.0485  0.055 ],[ 0.386   0.411   0.42   ... -0.8295 -0.8065 -0.8015]
212,[-0.559  -0.5605 -0.5555 ...  0.8705  0.873   0.8725],[ 0.477   0.4775  0.4785 ... -0.475  -0.4745 -0.4735],[0.1375 0.1405 0.1335 ... 0.332  0.318  0.3195]
213,[-1.6225 -1.622  -1.62   ...  3.4465  3.447   3.4475],[ 0.4655  0.4695  0.467  ... -0.1915 -0.188  -0.1885],[ 0.437   0.4445  0.4515 ... -0.095  -0.084  -0.082 ]
214,[0.4945 0.4855 0.481  ... 0.6745 0.6805 0.6915],[ 0.1815  0.1825  0.1795 ... -0.0665 -0.067  -0.065 ],[-0.2985 -0.295  -0.292  ...  0.0665  0.068   0.078 ]
215,[-0.0545 -0.055  -0.0525 ... -1.24   -1.2385 -1.2385],[ 0.4175  0.416   0.4155 ... -0.0925 -0.09   -0.0905],[-0.8225 -0.8205 -0.829  ... -1.994  -1.989  -1.9875]
216,[-1.11   -1.1235 -1.137  ...  1.6355  1.6345  1.6375],[0.2225 0.2265 0.232  ... 0.6205 0.6215 0.621 ],[-2.4065 -2.421  -2.4445 ...  4.7975  4.798   4.8125]
217,[-0.218  -0.2195 -0.2205 ...  0.153   0.148   0.1475],[-0.2025 -0.206  -0.208  ...  0.034   0.039   0.044 ],[-0.6995 -0.693  -0.699  ...  0.793   0.791   0.7895]
218,[-0.418  -0.406  -0.397  ... -0.188  -0.1975 -0.2   ],[0.164  0.159  0.157  ... 0.1115 0.1055 0.104 ],[ 1.2175  1.233   1.2485 ... -0.3815 -0.3535 -0.3555]
219,[-0.6325 -0.64   -0.6375 ...  0.614   0.6125  0.6125],[ 1.243   1.2475  1.2505 ... -0.768  -0.769  -0.7675],[-0.102  -0.1025 -0.0975 ...  0.749   0.749   0.747 ]
220,[-0.7715 -0.776  -0.777  ...  0.2655  0.27    0.2675],[ 0.102   0.102   0.104  ... -0.1495 -0.1505 -0.1515],[-0.7055 -0.7025 -0.6965 ...  0.736   0.7435  0.742 ]
221,[-0.7225 -0.7265 -0.729  ...  0.6655  0.6625  0.657 ],[-0.0785 -0.0695 -0.0625 ... -0.0915 -0.103  -0.108 ],[-1.848  -1.8485 -1.8435 ...  2.151   2.1525  2.15  ]
222,[-0.6745 -0.679  -0.68   ...  0.307   0.306   0.307 ],[-0.181  -0.182  -0.1835 ...  0.021   0.022   0.021 ],[-1.7615 -1.772  -1.768  ...  1.643   1.6375  1.6345]
223,[ 0.5315  0.529   0.5275 ... -0.412  -0.415  -0.413 ],[ 0.166   0.1655  0.1675 ... -0.4055 -0.4055 -0.404 ],[0.4875 0.488  0.4805 ... 0.142  0.1485 0.1485]
224,[ 0.328   0.331   0.333  ... -1.2485 -1.251  -1.254 ],[-1.4495 -1.451  -1.4525 ... -2.8545 -2.848  -2.8445],[ 3.34    3.3515  3.353  ... -1.1    -1.1015 -1.098 ]
225,[-0.05   -0.0495 -0.0505 ... -0.0805 -0.081  -0.083 ],[1.0145 1.0135 1.0105 ... 0.19   0.189  0.1925],[ 0.075   0.0795  0.074  ... -0.068  -0.06   -0.063 ]
226,[-0.3335 -0.3345 -0.3305 ...  0.118   0.119   0.1205],[0.469  0.4675 0.461  ... 0.104  0.1015 0.101 ],[-0.9435 -0.9575 -0.969  ...  0.531   0.5265  0.5315]
227,[ 0.058   0.0535  0.0555 ... -0.1945 -0.191  -0.1915],[ 0.124   0.133   0.132  ... -0.0695 -0.0555 -0.0615],[-0.658  -0.6675 -0.6585 ...  0.331   0.323   0.3095]
228,[ 0.048   0.046   0.0435 ... -0.099  -0.098  -0.0935],[ 0.132   0.128   0.13   ... -0.2735 -0.2805 -0.2795],[-0.664  -0.6555 -0.6575 ...  0.51    0.505   0.509 ]
229,[ 1.1735  1.173   1.1755 ... -0.9535 -0.955  -0.9545],[ 0.473   0.4695  0.47   ... -0.346  -0.348  -0.3485],[-2.5665 -2.566  -2.5755 ...  1.673   1.685   1.6855]
230,[ 0.618   0.6225  0.6265 ... -0.3225 -0.323  -0.3175],[-0.1075 -0.1065 -0.1055 ...  0.     -0.005  -0.003 ],[ 0.088   0.082   0.081  ... -0.3035 -0.3065 -0.3105]
231,[-0.7345 -0.732  -0.73   ...  0.525   0.526   0.52  ],[ 0.11    0.11    0.1145 ... -0.11   -0.1115 -0.113 ],[-1.0025 -0.9925 -0.993  ...  1.454   1.4535  1.4405]
232,[0.1985 0.201  0.201  ... 0.5735 0.574  0.578 ],[0.4165 0.4175 0.419  ... 0.705  0.7045 0.701 ],[-1.47   -1.473  -1.472  ...  3.7895  3.7835  3.7885]
233,[-1.0755 -1.078  -1.074  ...  1.219   1.219   1.2255],[ 1.7215  1.725   1.725  ... -1.3245 -1.319  -1.316 ],[ 1.022   1.028   1.0305 ... -1.5765 -1.5745 -1.58  ]
234,[ 0.502   0.5035  0.508  ... -0.0345 -0.034  -0.0345],[ 0.244   0.241   0.2425 ... -0.2365 -0.2375 -0.237 ],[0.05   0.046  0.047  ... 0.0305 0.0275 0.0315]
235,[ 3.555   3.5515  3.5485 ... -2.477  -2.473  -2.4715],[ 0.52    0.5275  0.5245 ... -0.303  -0.304  -0.3015],[-4.7635 -4.764  -4.7735 ...  3.5435  3.5495  3.549 ]
236,[1.0095 1.01   1.0145 ... 0.5325 0.5315 0.529 ],[-0.6485 -0.6555 -0.661  ... -0.477  -0.4755 -0.474 ],[-0.2445 -0.232  -0.229  ... -0.22   -0.2145 -0.2205]
237,[ 1.4315  1.4295  1.4305 ... -0.7705 -0.7725 -0.774 ],[ 0.166   0.161   0.1605 ... -0.081  -0.081  -0.077 ],[-2.243  -2.2425 -2.234  ...  0.608   0.5975  0.5905]
238,[-1.1145 -1.1125 -1.112  ...  1.908   1.908   1.9045],[ 0.833   0.834   0.8335 ... -0.4145 -0.417  -0.4155],[1.0015 0.9985 1.0005 ... 1.374  1.374  1.3745]
239,[-0.176  -0.18   -0.164  ...  0.013   0.0135  0.0135],[ 0.227   0.23    0.2315 ... -0.149  -0.148  -0.1495],[-0.0835 -0.086  -0.094  ... -0.0245 -0.0235 -0.0235]
240,[-0.427  -0.429  -0.427  ...  0.403   0.405   0.4055],[ 0.244   0.2435  0.2445 ... -0.1695 -0.168  -0.1695],[-0.414  -0.4165 -0.41   ...  0.305   0.308   0.3035]
241,[-0.015  -0.019  -0.026  ... -0.156  -0.1615 -0.1615],[ 0.154   0.1545  0.1545 ... -0.3265 -0.3225 -0.325 ],[-1.0225 -1.029  -1.0195 ...  2.0295  2.0285  2.026 ]
242,[0.5155 0.516  0.516  ... 0.539  0.541  0.5455],[ 0.375   0.37    0.369  ... -0.1465 -0.1505 -0.1485],[ 0.2455  0.245   0.243  ... -0.1025 -0.1045 -0.123 ]
243,[-0.8105 -0.809  -0.8105 ...  0.6275  0.6305  0.6345],[-0.2365 -0.236  -0.238  ...  0.684   0.6835  0.6845],[ 1.7485  1.745   1.745  ... -2.4175 -2.418  -2.419 ]
244,[1.3945 1.39   1.39   ... 0.833  0.8465 0.8675],[1.279  1.2755 1.2745 ... 0.9695 0.9685 0.964 ],[0.917 0.913 0.91  ... 1.213 1.201 1.2  ]
245,[-0.1805 -0.176  -0.177  ...  0.3075  0.3085  0.3105],[ 0.095   0.095   0.095  ... -0.074  -0.0705 -0.068 ],[ 1.8295  1.827   1.834  ... -0.103  -0.103  -0.103 ]
246,[-0.522  -0.5215 -0.5235 ...  0.3125  0.3135  0.31  ],[1.3345 1.347  1.3505 ... 0.6845 0.681  0.6815],[-2.0205 -2.0375 -2.0425 ...  1.566   1.5585  1.557 ]
247,[ 0.152   0.156   0.152  ... -0.3015 -0.2975 -0.294 ],[ 0.211   0.2125  0.2105 ... -0.127  -0.126  -0.1265],[-0.18   -0.1775 -0.1785 ...  0.3165  0.319   0.316 ]
248,[-0.001  -0.004   0.004  ... -0.2825 -0.279  -0.2795],[-0.2005 -0.205  -0.2035 ...  0.0545  0.0545  0.054 ],[-0.573  -0.584  -0.5835 ...  0.563   0.5595  0.564 ]
249,[ 0.669   0.649   0.6535 ... -1.2865 -1.3545 -1.404 ],[0.5665 0.5915 0.5935 ... 0.4785 0.4625 0.441 ],[-1.14   -1.161  -1.1605 ...  2.642   2.599   2.5655]
250,[ 0.6635  0.6575  0.655  ... -0.786  -0.7875 -0.79  ],[-2.8155 -2.8135 -2.8225 ...  1.994   1.998   2.0025],[-1.351  -1.3505 -1.345  ...  2.215   2.222   2.2255]
251,[-0.9205 -0.921  -0.9255 ...  0.5405  0.5395  0.5405],[ 0.93    0.9305  0.9255 ... -0.3525 -0.3535 -0.3555],[-0.2185 -0.2095 -0.197  ...  0.084   0.0805  0.0775]
252,[-0.2095 -0.207  -0.2085 ... -0.047  -0.0485 -0.046 ],[0.032  0.033  0.033  ... 0.0015 0.0035 0.0035],[-0.6285 -0.633  -0.6345 ...  0.325   0.322   0.319 ]
253,[ 0.032  0.025  0.023 ... -0.115 -0.118 -0.12 ],[-0.0715 -0.076  -0.078  ...  0.0695  0.068   0.0675],[ 0.021   0.017   0.024  ... -0.1055 -0.1075 -0.107 ]
254,[ 0.2445  0.248   0.248  ... -0.2    -0.2025 -0.207 ],[ 0.009   0.0115  0.0115 ... -0.138  -0.1345 -0.131 ],[0.019  0.0155 0.017  ... 0.1    0.099  0.0955]
255,[-0.016  -0.013  -0.0135 ... -0.051  -0.053  -0.0525],[ 0.1235  0.1145  0.108  ... -0.1315 -0.132  -0.133 ],[0.101  0.112  0.1185 ... 0.1355 0.1365 0.141 ]
256,[-0.066  -0.066  -0.0565 ...  0.292   0.2935  0.297 ],[-0.078  -0.092  -0.1    ... -0.0135 -0.0125 -0.012 ],[-0.5265 -0.527  -0.522  ...  0.7465  0.749   0.7445]
257,[ 0.078   0.078   0.076  ... -0.489  -0.4845 -0.488 ],[ 0.286   0.289   0.2905 ... -0.301  -0.3025 -0.3   ],[ 0.8175  0.8105  0.813  ... -0.512  -0.5055 -0.5075]
258,[-1.8795 -1.8805 -1.8775 ... -0.1845 -0.1735 -0.1755],[ 0.0315  0.026   0.0235 ... -0.067  -0.0725 -0.0765],[1.6195 1.6325 1.6445 ... 1.072  1.0745 1.0945]
259,[ 0.253   0.2545  0.262  ... -0.4775 -0.477  -0.479 ],[ 0.125   0.13    0.128  ... -0.0705 -0.072  -0.073 ],[ 0.592   0.5995  0.606  ... -0.208  -0.206  -0.2145]
260,[ 0.23    0.239   0.2455 ... -0.285  -0.2835 -0.282 ],[-0.1755 -0.176  -0.176  ...  0.0375  0.04    0.0415],[-0.288  -0.2815 -0.278  ... -0.4875 -0.4935 -0.4985]
261,[-0.1145 -0.113  -0.1165 ...  0.0785  0.082   0.0785],[ 0.0205  0.0245  0.028  ... -0.0625 -0.063  -0.065 ],[ 0.256   0.251   0.2485 ... -0.0005  0.0025 -0.004 ]
262,[-0.3915 -0.39   -0.395  ...  0.3315  0.336   0.339 ],[ 0.3235  0.321   0.322  ... -0.5825 -0.579  -0.5805],[-2.198  -2.1935 -2.1955 ...  2.1845  2.1745  2.1715]
263,[-0.205  -0.207  -0.21   ...  0.5035  0.5015  0.4995],[-1.2695 -1.269  -1.2695 ...  1.534   1.536   1.5405],[ 0.4385  0.4435  0.4535 ... -0.8055 -0.796  -0.7935]
264,[-0.045  -0.047  -0.0415 ...  0.303   0.294   0.281 ],[0.0145 0.012  0.009  ... 0.045  0.067  0.0725],[-0.243  -0.248  -0.2375 ...  0.0745  0.0335  0.003 ]
265,[-0.2065 -0.205  -0.207  ...  0.215   0.213   0.212 ],[ 0.375   0.376   0.3785 ... -0.3    -0.2985 -0.293 ],[-0.6895 -0.6885 -0.6905 ...  0.6185  0.6195  0.607 ]
266,[ 0.1685  0.167   0.167  ... -0.0435 -0.0405 -0.04  ],[ 0.3865  0.3875  0.387  ... -0.3465 -0.3475 -0.349 ],[-0.0175 -0.0245 -0.032  ...  0.4995  0.4975  0.4975]
267,[ 0.1855  0.1835  0.1835 ... -0.494  -0.5    -0.5035],[-0.0135 -0.0125 -0.0165 ... -0.045  -0.044  -0.042 ],[-0.3545 -0.3505 -0.3485 ...  0.31    0.3065  0.301 ]
268,[ 0.813   0.725   0.6565 ... -0.435  -0.4365 -0.4355],[ 1.0075  1.028   1.05   ... -0.271  -0.2725 -0.2765],[-0.431  -0.4665 -0.511  ...  0.9085  0.9105  0.915 ]
269,[ 0.256   0.2595  0.2605 ... -0.2875 -0.289  -0.292 ],[ 0.1605  0.162   0.1635 ... -0.125  -0.1245 -0.126 ],[-0.1985 -0.2055 -0.2095 ...  0.0935  0.093   0.092 ]
270,[-0.134  -0.138  -0.142  ...  0.1085  0.108   0.11  ],[0.064  0.045  0.0225 ... 0.0405 0.0415 0.0405],[-0.1565 -0.1635 -0.1675 ...  0.118   0.119   0.123 ]
